Date,Equity
2004-08-19,10000
2004-08-20,10000
2004-08-23,10000
2004-08-24,10000
2004-08-25,10000
2004-08-26,10000
2004-08-27,10000
2004-08-30,10000
2004-08-31,10000
2004-09-01,10000
2004-09-02,9980
2004-09-03,9812.54
2004-09-07,9812.54
2004-09-08,9812.54
2004-09-09,9812.54
2004-09-10,9812.54
2004-09-13,9812.54
2004-09-14,9812.54
2004-09-15,9812.54
2004-09-16,9792.92
2004-09-17,10095.9
2004-09-20,10256.9
2004-09-21,10126
2004-09-22,10172.5
2004-09-23,10382.6
2004-09-24,10297.3
2004-09-27,10162.2
2004-09-28,10902.5
2004-09-29,11265.7
2004-09-30,11138.3
2004-10-01,11394.8
2004-10-04,11608.3
2004-10-05,11893.2
2004-10-06,11782.2
2004-10-07,11934.5
2004-10-08,11838.1
2004-10-11,11625.5
2004-10-12,11809.7
2004-10-13,12111
2004-10-14,12205.7
2004-10-15,12387.3
2004-10-18,12822
2004-10-19,12717
2004-10-20,12075.7
2004-10-21,12840.9
2004-10-22,14825
2004-10-25,16113.6
2004-10-26,15631.5
2004-10-27,15990.5
2004-10-28,16621.4
2004-10-29,16392.5
2004-11-01,16856.4
2004-11-02,16756.6
2004-11-03,16481.1
2004-11-04,15881.2
2004-11-05,14559.9
2004-11-08,14835.3
2004-11-09,14503.9
2004-11-10,14431.6
2004-11-11,15736.6
2004-11-12,15648.8
2004-11-15,15895.8
2004-11-16,14804.8
2004-11-17,14804.8
2004-11-18,14804.8
2004-11-19,14804.8
2004-11-22,14804.8
2004-11-23,14804.8
2004-11-24,14804.8
2004-11-26,14804.8
2004-11-29,14804.8
2004-11-30,14804.8
2004-12-01,14804.8
2004-12-02,14804.8
2004-12-03,14775.2
2004-12-06,14438
2004-12-07,14039.2
2004-12-08,13920.3
2004-12-09,14203.3
2004-12-10,14057.3
2004-12-13,13958.8
2004-12-14,14634.9
2004-12-15,14724.3
2004-12-16,14452.7
2004-12-17,14719.4
2004-12-20,14719.4
2004-12-21,14719.4
2004-12-22,14689.9
2004-12-23,14816.3
2004-12-27,15133.1
2004-12-28,15200.3
2004-12-29,15211.4
2004-12-30,15582.7
2004-12-31,15202.7
2005-01-03,15986.4
2005-01-04,15337.8
2005-01-05,15259.5
2005-01-06,14867.7
2005-01-07,15286.4
2005-01-10,15382
2005-01-11,15261.9
2005-01-12,15407.3
2005-01-13,15403.3
2005-01-14,15769.9
2005-01-18,16080.4
2005-01-19,15559
2005-01-20,15291.9
2005-01-21,14846.4
2005-01-24,14249.1
2005-01-25,13936.7
2005-01-26,13936.7
2005-01-27,13936.7
2005-01-28,13936.7
2005-01-31,13936.7
2005-02-01,13936.7
2005-02-02,13936.7
2005-02-03,13936.7
2005-02-04,13936.7
2005-02-07,13908.8
2005-02-08,14094.3
2005-02-09,13592.5
2005-02-10,13336.6
2005-02-11,13295.4
2005-02-14,13692.7
2005-02-15,13852
2005-02-16,14078
2005-02-17,14041.7
2005-02-18,14045.3
2005-02-22,13550.4
2005-02-23,13550.4
2005-02-24,13550.4
2005-02-25,13550.4
2005-02-28,13550.4
2005-03-01,13550.4
2005-03-02,13550.4
2005-03-03,13550.4
2005-03-04,13550.4
2005-03-07,13550.4
2005-03-08,13550.4
2005-03-09,13550.4
2005-03-10,13550.4
2005-03-11,13550.4
2005-03-14,13550.4
2005-03-15,13550.4
2005-03-16,13550.4
2005-03-17,13550.4
2005-03-18,13550.4
2005-03-21,13550.4
2005-03-22,13550.4
2005-03-23,13550.4
2005-03-24,13550.4
2005-03-28,13550.4
2005-03-29,13550.4
2005-03-30,13550.4
2005-03-31,13550.4
2005-04-01,13550.4
2005-04-04,13523.3
2005-04-05,13763.1
2005-04-06,13810.7
2005-04-07,14142.6
2005-04-08,14017.6
2005-04-11,14103.9
2005-04-12,14157.3
2005-04-13,14081.9
2005-04-14,13973.7
2005-04-15,13502.1
2005-04-18,13646.1
2005-04-19,13970.1
2005-04-20,14460
2005-04-21,14907.5
2005-04-22,15755.1
2005-04-25,16319.6
2005-04-26,15970.1
2005-04-27,16045.4
2005-04-28,16021.2
2005-04-29,16061.5
2005-05-02,16228.9
2005-05-03,16514.1
2005-05-04,16683
2005-05-05,16571.9
2005-05-06,16647.9
2005-05-09,16501.7
2005-05-10,16631.8
2005-05-11,16887.1
2005-05-12,16699.1
2005-05-13,16737.1
2005-05-16,16869.5
2005-05-17,17021.6
2005-05-18,17462.6
2005-05-19,17464
2005-05-20,17641.7
2005-05-23,18653.8
2005-05-24,18694
2005-05-25,19045.7
2005-05-26,18928
2005-05-27,19425.3
2005-05-31,20249.4
2005-06-01,21034
2005-06-02,21026.7
2005-06-03,20468
2005-06-06,21249
2005-06-07,21408.4
2005-06-08,20416.8
2005-06-09,20910.4
2005-06-10,20631.8
2005-06-13,20650.1
2005-06-14,20328.4
2005-06-15,20068.8
2005-06-16,20261.8
2005-06-17,20471
2005-06-20,20939
2005-06-21,21022.3
2005-06-22,21129.1
2005-06-23,21159.1
2005-06-24,21710.4
2005-06-27,22211.4
2005-06-28,22057.8
2005-06-29,21379.2
2005-06-30,21483.8
2005-07-01,21271.7
2005-07-05,21597.8
2005-07-06,21291.4
2005-07-07,21585.4
2005-07-08,21635.9
2005-07-11,21425.3
2005-07-12,21310.4
2005-07-13,21828.2
2005-07-14,21976.6
2005-07-15,21998.6
2005-07-18,21877.9
2005-07-19,22635.5
2005-07-20,22789.1
2005-07-21,22930.9
2005-07-22,22087
2005-07-25,21608.1
2005-07-26,21625.6
2005-07-27,21687
2005-07-28,21436.2
2005-07-29,21016.5
2005-08-01,21298
2005-08-02,21852.3
2005-08-03,21670.6
2005-08-04,21670.6
2005-08-05,21670.6
2005-08-08,21670.6
2005-08-09,21670.6
2005-08-10,21670.6
2005-08-11,21670.6
2005-08-12,21670.6
2005-08-15,21670.6
2005-08-16,21670.6
2005-08-17,21670.6
2005-08-18,21670.6
2005-08-19,21670.6
2005-08-22,21670.6
2005-08-23,21670.6
2005-08-24,21670.6
2005-08-25,21670.6
2005-08-26,21670.6
2005-08-29,21670.6
2005-08-30,21670.6
2005-08-31,21670.6
2005-09-01,21670.6
2005-09-02,21670.6
2005-09-06,21627.3
2005-09-07,22212.9
2005-09-08,22252.2
2005-09-09,22531.4
2005-09-12,23335.1
2005-09-13,23481.5
2005-09-14,22826.5
2005-09-15,22797.8
2005-09-16,22615.1
2005-09-19,22886.1
2005-09-20,23197
2005-09-21,23498.1
2005-09-22,23458.1
2005-09-23,23759.2
2005-09-26,23677.7
2005-09-27,23652.1
2005-09-28,23052.9
2005-09-29,23326.1
2005-09-30,23842.2
2005-10-03,24009.8
2005-10-04,23430.2
2005-10-05,23408.3
2005-10-06,23562.3
2005-10-07,23580.4
2005-10-10,23403.8
2005-10-11,23060.4
2005-10-12,22673.3
2005-10-13,22406.9
2005-10-14,22264.1
2005-10-17,22264.1
2005-10-18,22264.1
2005-10-19,22264.1
2005-10-20,22264.1
2005-10-21,22264.1
2005-10-24,22264.1
2005-10-25,22219.5
2005-10-26,22766.8
2005-10-27,22614.1
2005-10-28,22942
2005-10-31,23838.3
2005-11-01,24302.8
2005-11-02,24322.1
2005-11-03,24724.3
2005-11-04,25011.8
2005-11-07,25306.9
2005-11-08,24977.8
2005-11-09,24288
2005-11-10,25054.8
2005-11-11,25009.8
2005-11-14,25431.4
2005-11-15,25163.8
2005-11-16,25507.1
2005-11-17,25847.1
2005-11-18,25639.2
2005-11-21,26226.3
2005-11-22,26682.5
2005-11-23,27092.5
2005-11-25,27462
2005-11-28,27132.2
2005-11-29,25852.9
2005-11-30,25940.8
2005-12-01,26529.8
2005-12-02,26761.4
2005-12-05,26001.1
2005-12-06,25917.1
2005-12-07,25896.5
2005-12-08,26309.1
2005-12-09,26216
2005-12-12,26381.9
2005-12-13,26329.1
2005-12-14,26422
2005-12-15,26595.4
2005-12-16,26595.4
2005-12-19,26542.3
2005-12-20,26864.1
2005-12-21,26650.6
2005-12-22,27008.1
2005-12-23,26938.6
2005-12-27,26544.8
2005-12-28,26673.1
2005-12-29,26263.6
2005-12-30,25932.4
2006-01-03,27207.9
2006-01-04,27834.7
2006-01-05,28210.3
2006-01-06,29113.3
2006-01-09,29190.9
2006-01-10,29370
2006-01-11,29487.1
2006-01-12,28986.2
2006-01-13,29150.2
2006-01-17,29204.1
2006-01-18,27814
2006-01-19,27284.3
2006-01-20,24968.1
2006-01-23,26723.9
2006-01-24,27696.3
2006-01-25,27068.2
2006-01-26,27093.4
2006-01-27,27093.4
2006-01-30,27093.4
2006-01-31,27093.4
2006-02-01,27093.4
2006-02-02,27093.4
2006-02-03,27093.4
2006-02-06,27093.4
2006-02-07,27093.4
2006-02-08,27093.4
2006-02-09,27093.4
2006-02-10,27093.4
2006-02-13,27093.4
2006-02-14,27093.4
2006-02-15,27093.4
2006-02-16,27093.4
2006-02-17,27093.4
2006-02-21,27093.4
2006-02-22,27093.4
2006-02-23,27093.4
2006-02-24,27093.4
2006-02-27,27093.4
2006-02-28,27093.4
2006-03-01,27093.4
2006-03-02,27039.2
2006-03-03,27163.7
2006-03-06,26438.4
2006-03-07,26175.7
2006-03-08,25415.2
2006-03-09,24632.3
2006-03-10,24236.5
2006-03-13,24156.4
2006-03-14,24156.4
2006-03-15,24156.4
2006-03-16,24156.4
2006-03-17,24156.4
2006-03-20,24156.4
2006-03-21,24156.4
2006-03-22,24156.4
2006-03-23,24156.4
2006-03-24,24156.4
2006-03-27,24156.4
2006-03-28,24156.4
2006-03-29,24108.1
2006-03-30,23708.2
2006-03-31,23803.6
2006-04-03,23785.2
2006-04-04,24680.4
2006-04-05,24903.6
2006-04-06,25098.6
2006-04-07,24791.7
2006-04-10,25416.6
2006-04-11,25005.7
2006-04-12,24962.3
2006-04-13,24547.1
2006-04-17,24832
2006-04-18,24674.3
2006-04-19,25057.1
2006-04-20,25332.2
2006-04-21,26683.5
2006-04-24,26891.4
2006-04-25,26075.8
2006-04-26,26003
2006-04-27,25639.8
2006-04-28,25512
2006-05-01,24347.8
2006-05-02,24097.1
2006-05-03,24058.6
2006-05-04,24094
2006-05-05,24018.3
2006-05-08,24018.3
2006-05-09,24018.3
2006-05-10,24018.3
2006-05-11,24018.3
2006-05-12,24018.3
2006-05-15,24018.3
2006-05-16,24018.3
2006-05-17,24018.3
2006-05-18,24018.3
2006-05-19,24018.3
2006-05-22,24018.3
2006-05-23,24018.3
2006-05-24,24018.3
2006-05-25,24018.3
2006-05-26,24018.3
2006-05-30,24018.3
2006-05-31,24018.3
2006-06-01,24018.3
2006-06-02,24018.3
2006-06-05,24018.3
2006-06-06,24018.3
2006-06-07,23970.3
2006-06-08,24392
2006-06-09,23974
2006-06-12,23661.5
2006-06-13,23970.9
2006-06-14,23838.6
2006-06-15,24249.2
2006-06-16,24230.5
2006-06-19,24071.5
2006-06-20,24011.3
2006-06-21,24940.5
2006-06-22,24805.1
2006-06-23,25110.1
2006-06-26,25070.4
2006-06-27,24952.3
2006-06-28,25187.8
2006-06-29,25914.5
2006-06-30,26009
2006-07-03,26249.3
2006-07-05,26141.3
2006-07-06,26248.7
2006-07-07,26078.5
2006-07-10,25938.8
2006-07-11,26333.8
2006-07-12,25879.8
2006-07-13,25356.7
2006-07-14,25025.6
2006-07-17,25298.3
2006-07-18,24997.7
2006-07-19,24746.1
2006-07-20,23960.1
2006-07-21,23960.1
2006-07-24,23960.1
2006-07-25,23960.1
2006-07-26,23960.1
2006-07-27,23960.1
2006-07-28,23960.1
2006-07-31,23960.1
2006-08-01,23960.1
2006-08-02,23960.1
2006-08-03,23960.1
2006-08-04,23960.1
2006-08-07,23960.1
2006-08-08,23960.1
2006-08-09,23960.1
2006-08-10,23960.1
2006-08-11,23960.1
2006-08-14,23960.1
2006-08-15,23960.1
2006-08-16,23960.1
2006-08-17,23960.1
2006-08-18,23960.1
2006-08-21,23960.1
2006-08-22,23960.1
2006-08-23,23960.1
2006-08-24,23912.2
2006-08-25,23882
2006-08-28,24375
2006-08-29,24246.8
2006-08-30,24362.2
2006-08-31,24219.9
2006-09-01,24175.8
2006-09-05,24175.8
2006-09-06,24127.5
2006-09-07,24022.6
2006-09-08,23981.9
2006-09-11,24378.6
2006-09-12,24875.3
2006-09-13,25808.1
2006-09-14,25643.4
2006-09-15,26018.5
2006-09-18,26324.4
2006-09-19,25632.6
2006-09-20,25199.6
2006-09-21,25825.9
2006-09-22,25630.7
2006-09-25,25643.4
2006-09-26,25827.2
2006-09-27,25576
2006-09-28,25617.9
2006-09-29,25511.1
2006-10-02,25481.9
2006-10-03,25647.2
2006-10-04,26388.6
2006-10-05,26141.3
2006-10-06,26693.8
2006-10-09,27234.3
2006-10-10,27084.9
2006-10-11,27075.4
2006-10-12,27135.1
2006-10-13,27126.2
2006-10-16,26773.3
2006-10-17,26702.7
2006-10-18,26618.2
2006-10-19,27047.4
2006-10-20,29184.5
2006-10-23,30526.8
2006-10-24,30051.8
2006-10-25,30896.9
2006-10-26,30801.5
2006-10-27,30172
2006-10-30,30259.1
2006-10-31,30247.7
2006-11-01,29682.4
2006-11-02,29835.7
2006-11-03,29955.8
2006-11-06,30283.3
2006-11-07,30004.8
2006-11-08,30159.3
2006-11-09,30008.6
2006-11-10,30067.1
2006-11-13,30542.7
2006-11-14,31068.6
2006-11-15,31235.8
2006-11-16,31488.3
2006-11-17,31672
2006-11-20,31434.2
2006-11-21,32362.6
2006-11-22,32258.3
2006-11-24,32066.9
2006-11-27,30779.3
2006-11-28,31081.3
2006-11-29,30772.9
2006-11-30,30783.1
2006-12-01,30528.1
2006-12-04,30785.6
2006-12-05,30922.4
2006-12-06,31031.1
2006-12-07,30583.7
2006-12-08,30583.7
2006-12-11,30583.7
2006-12-12,30583.7
2006-12-13,30583.7
2006-12-14,30583.7
2006-12-15,30583.7
2006-12-18,30583.7
2006-12-19,30583.7
2006-12-20,30583.7
2006-12-21,30583.7
2006-12-22,30583.7
2006-12-26,30583.7
2006-12-27,30583.7
2006-12-28,30583.7
2006-12-29,30583.7
2007-01-03,30583.7
2007-01-04,30583.7
2007-01-05,30583.7
2007-01-08,30583.7
2007-01-09,30583.7
2007-01-10,30522.6
2007-01-11,31163.5
2007-01-12,31493.3
2007-01-16,31448.3
2007-01-17,31011.1
2007-01-18,30420.8
2007-01-19,30540.7
2007-01-22,29984.1
2007-01-23,29872.3
2007-01-24,31122.9
2007-01-25,30437
2007-01-26,30921.1
2007-01-29,30710.6
2007-01-30,30826.2
2007-01-31,31274.7
2007-02-01,29980.8
2007-02-02,29980.8
2007-02-05,29980.8
2007-02-06,29980.8
2007-02-07,29980.8
2007-02-08,29980.8
2007-02-09,29980.8
2007-02-12,29980.8
2007-02-13,29980.8
2007-02-14,29980.8
2007-02-15,29980.8
2007-02-16,29980.8
2007-02-20,29980.8
2007-02-21,29980.8
2007-02-22,29980.8
2007-02-23,29980.8
2007-02-26,29980.8
2007-02-27,29980.8
2007-02-28,29980.8
2007-03-01,29980.8
2007-03-02,29980.8
2007-03-05,29980.8
2007-03-06,29980.8
2007-03-07,29980.8
2007-03-08,29980.8
2007-03-09,29980.8
2007-03-12,29980.8
2007-03-13,29980.8
2007-03-14,29980.8
2007-03-15,29980.8
2007-03-16,29980.8
2007-03-19,29980.8
2007-03-20,29980.8
2007-03-21,29980.8
2007-03-22,29980.8
2007-03-23,29980.8
2007-03-26,29920.8
2007-03-27,29831.9
2007-03-28,29719.7
2007-03-29,29657.9
2007-03-30,29480
2007-04-02,29503.8
2007-04-03,30410.7
2007-04-04,30308.9
2007-04-05,30340.5
2007-04-09,30127.8
2007-04-10,30017.5
2007-04-11,29890.6
2007-04-12,30074.9
2007-04-13,30004
2007-04-16,30518.4
2007-04-17,30423.6
2007-04-18,30630.5
2007-04-19,30349.5
2007-04-20,31047.6
2007-04-23,30828.4
2007-04-24,30728.5
2007-04-25,30758.2
2007-04-26,30963.8
2007-04-27,30823.9
2007-04-30,30332.1
2007-05-01,30178.7
2007-05-02,29971.1
2007-05-03,30451.3
2007-05-04,30315.3
2007-05-07,30067.2
2007-05-08,29977.3
2007-05-09,29977.3
2007-05-10,29977.3
2007-05-11,29977.3
2007-05-14,29977.3
2007-05-15,29977.3
2007-05-16,29977.3
2007-05-17,29977.3
2007-05-18,29977.3
2007-05-21,29977.3
2007-05-22,29977.3
2007-05-23,29977.3
2007-05-24,29917.4
2007-05-25,30498.1
2007-05-29,30724.9
2007-05-30,31451
2007-05-31,31407.4
2007-06-01,31564.7
2007-06-04,31986.2
2007-06-05,32729.9
2007-06-06,32692.6
2007-06-07,32491
2007-06-08,32518.2
2007-06-11,32256
2007-06-12,31840.8
2007-06-13,31870.5
2007-06-14,31718.9
2007-06-15,31911.6
2007-06-18,32499.9
2007-06-19,32443.7
2007-06-20,32169.4
2007-06-21,32431
2007-06-22,33117.9
2007-06-25,33272.1
2007-06-26,33451.5
2007-06-27,33200.7
2007-06-28,33119.8
2007-06-29,32973.8
2007-07-02,33459.1
2007-07-03,33709.3
2007-07-05,34170
2007-07-06,34029
2007-07-09,34228.7
2007-07-10,34278
2007-07-11,34349.4
2007-07-12,34403.8
2007-07-13,34835.3
2007-07-16,34887.8
2007-07-17,35014.8
2007-07-18,34667.2
2007-07-19,34609.7
2007-07-20,32810.8
2007-07-23,32329.9
2007-07-24,32424.1
2007-07-25,32156.2
2007-07-26,31980.7
2007-07-27,31980.7
2007-07-30,31980.7
2007-07-31,31980.7
2007-08-01,31980.7
2007-08-02,31980.7
2007-08-03,31980.7
2007-08-06,31980.7
2007-08-07,31980.7
2007-08-08,31980.7
2007-08-09,31980.7
2007-08-10,31980.7
2007-08-13,31980.7
2007-08-14,31980.7
2007-08-15,31980.7
2007-08-16,31980.7
2007-08-17,31980.7
2007-08-20,31980.7
2007-08-21,31980.7
2007-08-22,31980.7
2007-08-23,31980.7
2007-08-24,31980.7
2007-08-27,31980.7
2007-08-28,31980.7
2007-08-29,31980.7
2007-08-30,31980.7
2007-08-31,31916.8
2007-09-04,32531.2
2007-09-05,32695.7
2007-09-06,32430.1
2007-09-07,32171.3
2007-09-10,31869
2007-09-11,32294.2
2007-09-12,32376.1
2007-09-13,32508.3
2007-09-14,32754.7
2007-09-17,32540.6
2007-09-18,33159.4
2007-09-19,33878.1
2007-09-20,34249.3
2007-09-21,34700.5
2007-09-24,35192.1
2007-09-25,35252.9
2007-09-26,35200.8
2007-09-27,35159.8
2007-09-28,35145.5
2007-10-01,36093.9
2007-10-02,36208.1
2007-10-03,36185.2
2007-10-04,35875.4
2007-10-05,36807.7
2007-10-08,37774.1
2007-10-09,38119.2
2007-10-10,38752.9
2007-10-11,38542.5
2007-10-12,39497.7
2007-10-15,38425.2
2007-10-16,38170.1
2007-10-17,39255
2007-10-18,39636.1
2007-10-19,39952
2007-10-22,40326.9
2007-10-23,41879.8
2007-10-24,41882.9
2007-10-25,41429.2
2007-10-26,41807.2
2007-10-29,42094.6
2007-10-30,43059.1
2007-10-31,43818.2
2007-11-01,43583
2007-11-02,44082
2007-11-05,44975.8
2007-11-06,45977.5
2007-11-07,45428.2
2007-11-08,43001.4
2007-11-09,41147.4
2007-11-12,39167.5
2007-11-13,40935.2
2007-11-14,39764
2007-11-15,39017.3
2007-11-16,39185.7
2007-11-19,39185.7
2007-11-20,39185.7
2007-11-21,39185.7
2007-11-23,39185.7
2007-11-26,39185.7
2007-11-27,39185.7
2007-11-28,39185.7
2007-11-29,39185.7
2007-11-30,39185.7
2007-12-03,39185.7
2007-12-04,39107.3
2007-12-05,39929
2007-12-06,40888.1
2007-12-07,40865.8
2007-12-10,41069.1
2007-12-11,39968.5
2007-12-12,39977.1
2007-12-13,39673.6
2007-12-14,39439.4
2007-12-17,38252.4
2007-12-18,38488.3
2007-12-19,38718.5
2007-12-20,39424
2007-12-21,39745
2007-12-24,39745
2007-12-26,39745
2007-12-27,39745
2007-12-28,39745
2007-12-31,39745
2008-01-02,39745
2008-01-03,39745
2008-01-04,39745
2008-01-07,39745
2008-01-08,39745
2008-01-09,39745
2008-01-10,39745
2008-01-11,39745
2008-01-14,39745
2008-01-15,39745
2008-01-16,39745
2008-01-17,39745
2008-01-18,39745
2008-01-22,39745
2008-01-23,39745
2008-01-24,39745
2008-01-25,39745
2008-01-28,39745
2008-01-29,39745
2008-01-30,39745
2008-01-31,39745
2008-02-01,39745
2008-02-04,39745
2008-02-05,39745
2008-02-06,39745
2008-02-07,39745
2008-02-08,39745
2008-02-11,39745
2008-02-12,39745
2008-02-13,39745
2008-02-14,39745
2008-02-15,39745
2008-02-19,39745
2008-02-20,39745
2008-02-21,39745
2008-02-22,39745
2008-02-25,39745
2008-02-26,39745
2008-02-27,39745
2008-02-28,39745
2008-02-29,39745
2008-03-03,39745
2008-03-04,39745
2008-03-05,39745
2008-03-06,39745
2008-03-07,39745
2008-03-10,39745
2008-03-11,39745
2008-03-12,39745
2008-03-13,39745
2008-03-14,39745
2008-03-17,39745
2008-03-18,39745
2008-03-19,39745
2008-03-20,39745
2008-03-24,39745
2008-03-25,39745
2008-03-26,39745
2008-03-27,39745
2008-03-28,39745
2008-03-31,39665.5
2008-04-01,41942.5
2008-04-02,41941.6
2008-04-03,40987.1
2008-04-04,42427.8
2008-04-07,42944.7
2008-04-08,42131.9
2008-04-09,41805.4
2008-04-10,42246.5
2008-04-11,41197.3
2008-04-14,40675
2008-04-15,40240.2
2008-04-16,40979
2008-04-17,40483.8
2008-04-18,48591.1
2008-04-21,48445
2008-04-22,49997.5
2008-04-23,49229.8
2008-04-24,48918.6
2008-04-25,49010.6
2008-04-28,49737.7
2008-04-29,50310.5
2008-04-30,51737.7
2008-05-01,53432.8
2008-05-02,52369.2
2008-05-05,53596.9
2008-05-06,52826.5
2008-05-07,52162.6
2008-05-08,52524.3
2008-05-09,51639.4
2008-05-12,52698.4
2008-05-13,52523.4
2008-05-14,51919
2008-05-15,52343
2008-05-16,52259.1
2008-05-19,52029.1
2008-05-20,52126.5
2008-05-21,49545.5
2008-05-22,49398.6
2008-05-23,49398.6
2008-05-27,49398.6
2008-05-28,49398.6
2008-05-29,49398.6
2008-05-30,49398.6
2008-06-02,49398.6
2008-06-03,49398.6
2008-06-04,49398.6
2008-06-05,49398.6
2008-06-06,49398.6
2008-06-09,49299.8
2008-06-10,48972.2
2008-06-11,48178
2008-06-12,48766.2
2008-06-13,48766.2
2008-06-16,48766.2
2008-06-17,48766.2
2008-06-18,48766.2
2008-06-19,48766.2
2008-06-20,48766.2
2008-06-23,48766.2
2008-06-24,48766.2
2008-06-25,48766.2
2008-06-26,48766.2
2008-06-27,48766.2
2008-06-30,48766.2
2008-07-01,48766.2
2008-07-02,48766.2
2008-07-03,48766.2
2008-07-07,48766.2
2008-07-08,48766.2
2008-07-09,48766.2
2008-07-10,48766.2
2008-07-11,48766.2
2008-07-14,48766.2
2008-07-15,48766.2
2008-07-16,48766.2
2008-07-17,48766.2
2008-07-18,48766.2
2008-07-21,48766.2
2008-07-22,48766.2
2008-07-23,48766.2
2008-07-24,48766.2
2008-07-25,48766.2
2008-07-28,48766.2
2008-07-29,48766.2
2008-07-30,48766.2
2008-07-31,48766.2
2008-08-01,48766.2
2008-08-04,48766.2
2008-08-05,48766.2
2008-08-06,48766.2
2008-08-07,48766.2
2008-08-08,48766.2
2008-08-11,48766.2
2008-08-12,48766.2
2008-08-13,48766.2
2008-08-14,48668.7
2008-08-15,49118.2
2008-08-18,47975.2
2008-08-19,47222.7
2008-08-20,46692.2
2008-08-21,46839.8
2008-08-22,47231.4
2008-08-25,46500.2
2008-08-26,45646.5
2008-08-27,45108.3
2008-08-28,45518.5
2008-08-29,45518.5
2008-09-02,45518.5
2008-09-03,45518.5
2008-09-04,45518.5
2008-09-05,45518.5
2008-09-08,45518.5
2008-09-09,45518.5
2008-09-10,45518.5
2008-09-11,45518.5
2008-09-12,45518.5
2008-09-15,45518.5
2008-09-16,45518.5
2008-09-17,45518.5
2008-09-18,45518.5
2008-09-19,45518.5
2008-09-22,45518.5
2008-09-23,45518.5
2008-09-24,45518.5
2008-09-25,45518.5
2008-09-26,45518.5
2008-09-29,45518.5
2008-09-30,45518.5
2008-10-01,45518.5
2008-10-02,45518.5
2008-10-03,45518.5
2008-10-06,45518.5
2008-10-07,45518.5
2008-10-08,45518.5
2008-10-09,45518.5
2008-10-10,45518.5
2008-10-13,45518.5
2008-10-14,45518.5
2008-10-15,45518.5
2008-10-16,45518.5
2008-10-17,45518.5
2008-10-20,45518.5
2008-10-21,45518.5
2008-10-22,45518.5
2008-10-23,45518.5
2008-10-24,45518.5
2008-10-27,45518.5
2008-10-28,45518.5
2008-10-29,45518.5
2008-10-30,45427.5
2008-10-31,45385.7
2008-11-03,43669.6
2008-11-04,43669.6
2008-11-05,43669.6
2008-11-06,43669.6
2008-11-07,43669.6
2008-11-10,43669.6
2008-11-11,43669.6
2008-11-12,43669.6
2008-11-13,43669.6
2008-11-14,43669.6
2008-11-17,43669.6
2008-11-18,43669.6
2008-11-19,43669.6
2008-11-20,43669.6
2008-11-21,43669.6
2008-11-24,43669.6
2008-11-25,43669.6
2008-11-26,43669.6
2008-11-28,43669.6
2008-12-01,43669.6
2008-12-02,43669.6
2008-12-03,43669.6
2008-12-04,43669.6
2008-12-05,43669.6
2008-12-08,43669.6
2008-12-09,43669.6
2008-12-10,43582.3
2008-12-11,42366.3
2008-12-12,44563.6
2008-12-15,43843.9
2008-12-16,45909.7
2008-12-17,44490.1
2008-12-18,43788.7
2008-12-19,43773.2
2008-12-22,41926.6
2008-12-23,42055.2
2008-12-24,42752.3
2008-12-26,42386.1
2008-12-29,41970.4
2008-12-30,42774.9
2008-12-31,43416.9
2009-01-02,45349.7
2009-01-05,46208.6
2009-01-06,46208.6
2009-01-07,46116.1
2009-01-08,46572.4
2009-01-09,45120.3
2009-01-12,44778.8
2009-01-13,45012.7
2009-01-14,43097.2
2009-01-15,42813.1
2009-01-16,42910.6
2009-01-20,40482.8
2009-01-21,43313
2009-01-22,43313
2009-01-23,43313
2009-01-26,43313
2009-01-27,43313
2009-01-28,43313
2009-01-29,43313
2009-01-30,43226.4
2009-02-02,43487.3
2009-02-03,43472
2009-02-04,43798.2
2009-02-05,45169.5
2009-02-06,47415.8
2009-02-09,48373.9
2009-02-10,45782.2
2009-02-11,45722.1
2009-02-12,46363
2009-02-13,45676
2009-02-17,43754.7
2009-02-18,45091.4
2009-02-19,43752.1
2009-02-20,44239.5
2009-02-23,42142.9
2009-02-24,44111.6
2009-02-25,43536.8
2009-02-26,43536.8
2009-02-27,43536.8
2009-03-02,43536.8
2009-03-03,43536.8
2009-03-04,43536.8
2009-03-05,43536.8
2009-03-06,43536.8
2009-03-09,43536.8
2009-03-10,43536.8
2009-03-11,43536.8
2009-03-12,43536.8
2009-03-13,43536.8
2009-03-16,43536.8
2009-03-17,43536.8
2009-03-18,43536.8
2009-03-19,43536.8
2009-03-20,43536.8
2009-03-23,43449.7
2009-03-24,43271.1
2009-03-25,42884
2009-03-26,44035.4
2009-03-27,43337.3
2009-03-30,42711.7
2009-03-31,43382.3
2009-04-01,44135.3
2009-04-02,45185.6
2009-04-03,46094.7
2009-04-06,45902.4
2009-04-07,44704.8
2009-04-08,45123.1
2009-04-09,46434.4
2009-04-13,47135
2009-04-14,45986.1
2009-04-15,47308.6
2009-04-16,48462.5
2009-04-17,48899.6
2009-04-20,47283.6
2009-04-21,47554.6
2009-04-22,47853.1
2009-04-23,47956.7
2009-04-24,48556.1
2009-04-27,48114.1
2009-04-28,47834.3
2009-04-29,48803.4
2009-04-30,49365.4
2009-05-01,49080.6
2009-05-04,50115.9
2009-05-05,50242
2009-05-06,50302
2009-05-07,49445.3
2009-05-08,50784
2009-05-11,50865.2
2009-05-12,49745
2009-05-13,48562.4
2009-05-14,48307.6
2009-05-15,48619.8
2009-05-18,49474
2009-05-19,49728.8
2009-05-20,49516.5
2009-05-21,49431.6
2009-05-22,48958.6
2009-05-26,48958.6
2009-05-27,48958.6
2009-05-28,48958.6
2009-05-29,48860.7
2009-06-01,49955.5
2009-06-02,50171.4
2009-06-03,50552.7
2009-06-04,51565.3
2009-06-05,52039.3
2009-06-08,51388.1
2009-06-09,51018.5
2009-06-10,50664.2
2009-06-11,50241.8
2009-06-12,49753.6
2009-06-15,48806.7
2009-06-16,48716.4
2009-06-17,48617.8
2009-06-18,48488.8
2009-06-19,49196.3
2009-06-22,47605.9
2009-06-23,47605.9
2009-06-24,47605.9
2009-06-25,47605.9
2009-06-26,47605.9
2009-06-29,47605.9
2009-06-30,47605.9
2009-07-01,47605.9
2009-07-02,47605.9
2009-07-06,47605.9
2009-07-07,47605.9
2009-07-08,47605.9
2009-07-09,47605.9
2009-07-10,47605.9
2009-07-13,47605.9
2009-07-14,47605.9
2009-07-15,47605.9
2009-07-16,47510.7
2009-07-17,46182.5
2009-07-20,46173.8
2009-07-21,45929.7
2009-07-22,45907.1
2009-07-23,46945
2009-07-24,47953.8
2009-07-27,47747.3
2009-07-28,47214.9
2009-07-29,46826.7
2009-07-30,47837.6
2009-07-31,47559.1
2009-08-03,48544.2
2009-08-04,48707.7
2009-08-05,48429.1
2009-08-06,48345.2
2009-08-07,49070.1
2009-08-10,49017.4
2009-08-11,48730.2
2009-08-12,49229.3
2009-08-13,49627.2
2009-08-14,49382
2009-08-17,47756.9
2009-08-18,47798.9
2009-08-19,47658
2009-08-20,49426.1
2009-08-21,49945.5
2009-08-24,50320.9
2009-08-25,50604.8
2009-08-26,50242.3
2009-08-27,50033.7
2009-08-28,49892.8
2009-08-31,49561.6
2009-09-01,48926
2009-09-02,48630.2
2009-09-03,49115.3
2009-09-04,49521.8
2009-09-08,49233.6
2009-09-09,49808.9
2009-09-10,50558.5
2009-09-11,50687.6
2009-09-14,51008.1
2009-09-15,51268.3
2009-09-16,52424.5
2009-09-17,52793.4
2009-09-18,52765.4
2009-09-21,53361.2
2009-09-22,53582.8
2009-09-23,53518.2
2009-09-24,53336.5
2009-09-25,52875.1
2009-09-28,53525.8
2009-09-29,53525.8
2009-09-30,53237.5
2009-10-01,52307.2
2009-10-02,52025.5
2009-10-05,52449.2
2009-10-06,53548.3
2009-10-07,55570.2
2009-10-08,55208.9
2009-10-09,55431.5
2009-10-12,56269.3
2009-10-13,56491.9
2009-10-14,57482.4
2009-10-15,56900.6
2009-10-16,59045.1
2009-10-19,59286
2009-10-20,59246.2
2009-10-21,59179.5
2009-10-22,59501.1
2009-10-23,59458
2009-10-26,59514
2009-10-27,58877.3
2009-10-28,58018
2009-10-29,59174.1
2009-10-30,57568.4
2009-11-02,57339.4
2009-11-03,57694.3
2009-11-04,58021.2
2009-11-05,58916
2009-11-06,59179.5
2009-11-09,60285.6
2009-11-10,60285.6
2009-11-11,60165
2009-11-12,59878.7
2009-11-13,60322.5
2009-11-16,60769.4
2009-11-17,60897.2
2009-11-18,60808.5
2009-11-19,60421.8
2009-11-20,60101.7
2009-11-23,61410.7
2009-11-24,61488.9
2009-11-25,61768.9
2009-11-27,61137.1
2009-11-30,61479.4
2009-12-01,62205.2
2009-12-02,61955.9
2009-12-03,61768.9
2009-12-04,61691.7
2009-12-07,61822.8
2009-12-08,61907.3
2009-12-09,62115.4
2009-12-10,62377.4
2009-12-11,62272.8
2009-12-14,62824.4
2009-12-15,62550.7
2009-12-16,63038.8
2009-12-17,62635.2
2009-12-18,62897.3
2009-12-21,63136
2009-12-22,63393.8
2009-12-23,64509.5
2009-12-24,65228
2009-12-28,65691.8
2009-12-29,65325.2
2009-12-30,65677
2009-12-31,65386.5
2010-01-04,66101.7
2010-01-05,65810.1
2010-01-06,64148.2
2010-01-07,62652.1
2010-01-08,63488.9
2010-01-11,63392.8
2010-01-12,62269.7
2010-01-13,61911.5
2010-01-14,62078.5
2010-01-15,62078.5
2010-01-19,62078.5
2010-01-20,62078.5
2010-01-21,62078.5
2010-01-22,62078.5
2010-01-25,62078.5
2010-01-26,62078.5
2010-01-27,62078.5
2010-01-28,62078.5
2010-01-29,62078.5
2010-02-01,62078.5
2010-02-02,62078.5
2010-02-03,62078.5
2010-02-04,62078.5
2010-02-05,62078.5
2010-02-08,62078.5
2010-02-09,62078.5
2010-02-10,62078.5
2010-02-11,62078.5
2010-02-12,62078.5
2010-02-16,62078.5
2010-02-17,62078.5
2010-02-18,62078.5
2010-02-19,62078.5
2010-02-22,61954.3
2010-02-23,61070.4
2010-02-24,60658.8
2010-02-25,60082.5
2010-02-26,60124.8
2010-03-01,60798.3
2010-03-02,61755.4
2010-03-03,62242.5
2010-03-04,63302.5
2010-03-05,64402.5
2010-03-08,64204.7
2010-03-09,63942.8
2010-03-10,65802.1
2010-03-11,66338.4
2010-03-12,66155.4
2010-03-15,64284.7
2010-03-16,64515.7
2010-03-17,64556.9
2010-03-18,64652.9
2010-03-19,63921.1
2010-03-22,63635.2
2010-03-23,62663.3
2010-03-24,63615.8
2010-03-25,64250.4
2010-03-26,64228.7
2010-03-29,64072.6
2010-03-30,64072.6
2010-03-31,64072.6
2010-04-01,64072.6
2010-04-05,64072.6
2010-04-06,64072.6
2010-04-07,64072.6
2010-04-08,63944.5
2010-04-09,63801.1
2010-04-12,64536.1
2010-04-13,66121.2
2010-04-14,66373
2010-04-15,67084.3
2010-04-16,61986.8
2010-04-19,61981.1
2010-04-20,62538.9
2010-04-21,62455.3
2010-04-22,61637.9
2010-04-23,61281.1
2010-04-26,61281.1
2010-04-27,61281.1
2010-04-28,61281.1
2010-04-29,61281.1
2010-04-30,61281.1
2010-05-03,61281.1
2010-05-04,61281.1
2010-05-05,61281.1
2010-05-06,61281.1
2010-05-07,61281.1
2010-05-10,61281.1
2010-05-11,61281.1
2010-05-12,61281.1
2010-05-13,61281.1
2010-05-14,61281.1
2010-05-17,61281.1
2010-05-18,61281.1
2010-05-19,61281.1
2010-05-20,61281.1
2010-05-21,61281.1
2010-05-24,61281.1
2010-05-25,61281.1
2010-05-26,61281.1
2010-05-27,61281.1
2010-05-28,61281.1
2010-06-01,61281.1
2010-06-02,61281.1
2010-06-03,61281.1
2010-06-04,61281.1
2010-06-07,61281.1
2010-06-08,61281.1
2010-06-09,61281.1
2010-06-10,61281.1
2010-06-11,61158.6
2010-06-14,60492.6
2010-06-15,62348.9
2010-06-16,62760.3
2010-06-17,62611.1
2010-06-18,62604.8
2010-06-21,61166.1
2010-06-22,60876.4
2010-06-23,60349.6
2010-06-24,59477.8
2010-06-25,59174.3
2010-06-28,58980.6
2010-06-29,58980.6
2010-06-30,58980.6
2010-07-01,58980.6
2010-07-02,58980.6
2010-07-06,58980.6
2010-07-07,58980.6
2010-07-08,58980.6
2010-07-09,58980.6
2010-07-12,58980.6
2010-07-13,58980.6
2010-07-14,58980.6
2010-07-15,58980.6
2010-07-16,58980.6
2010-07-19,58862.7
2010-07-20,60812
2010-07-21,60294.7
2010-07-22,61219.4
2010-07-23,61883.5
2010-07-26,61745.6
2010-07-27,62208.6
2010-07-28,61161.2
2010-07-29,61242.1
2010-07-30,61224.4
2010-08-02,61927.8
2010-08-03,61854.4
2010-08-04,63940.4
2010-08-05,64165.6
2010-08-06,63168.7
2010-08-09,63817.7
2010-08-10,63610.2
2010-08-11,62096
2010-08-12,62130.2
2010-08-13,61414.2
2010-08-16,61318
2010-08-17,61941.7
2010-08-18,60882.9
2010-08-19,58970.7
2010-08-20,58970.7
2010-08-23,58970.7
2010-08-24,58970.7
2010-08-25,58970.7
2010-08-26,58970.7
2010-08-27,58970.7
2010-08-30,58970.7
2010-08-31,58970.7
2010-09-01,58970.7
2010-09-02,58970.7
2010-09-03,58970.7
2010-09-07,58970.7
2010-09-08,58970.7
2010-09-09,58970.7
2010-09-10,58970.7
2010-09-13,58970.7
2010-09-14,58852.8
2010-09-15,58878.5
2010-09-16,58930.1
2010-09-17,60045.8
2010-09-20,62271.1
2010-09-21,62906.9
2010-09-22,63218.6
2010-09-23,62909.3
2010-09-24,64604.4
2010-09-27,64987.3
2010-09-28,64589.6
2010-09-29,64653.5
2010-09-30,64420.3
2010-10-01,64399.4
2010-10-04,63998
2010-10-05,65947.1
2010-10-06,65470.9
2010-10-07,64938.2
2010-10-08,65716.4
2010-10-11,66022
2010-10-12,66335
2010-10-13,66569.4
2010-10-14,66278.5
2010-10-15,73706.8
2010-10-18,75702.5
2010-10-19,74489.8
2010-10-20,74508.2
2010-10-21,75000.4
2010-10-22,75066.7
2010-10-25,75554
2010-10-26,75811.7
2010-10-27,75550.3
2010-10-28,75809.3
2010-10-29,75210.3
2010-11-01,75369.9
2010-11-02,75443.5
2010-11-03,76005.7
2010-11-04,76507.7
2010-11-05,76607.1
2010-11-08,76814.5
2010-11-09,76575.2
2010-11-10,76337.1
2010-11-11,75638.7
2010-11-12,73932.6
2010-11-15,72972.8
2010-11-16,71387.3
2010-11-17,71387.3
2010-11-18,71387.3
2010-11-19,71387.3
2010-11-22,71387.3
2010-11-23,71387.3
2010-11-24,71387.3
2010-11-26,71387.3
2010-11-29,71387.3
2010-11-30,71387.3
2010-12-01,71387.3
2010-12-02,71387.3
2010-12-03,71387.3
2010-12-06,71387.3
2010-12-07,71387.3
2010-12-08,71387.3
2010-12-09,71387.3
2010-12-10,71387.3
2010-12-13,71387.3
2010-12-14,71387.3
2010-12-15,71244.5
2010-12-16,71415
2010-12-17,71305
2010-12-20,71820.1
2010-12-21,72788.7
2010-12-22,73081.3
2010-12-23,72929
2010-12-27,72705.3
2010-12-28,72286.9
2010-12-29,72538.4
2010-12-30,72279.6
2010-12-31,71688.3
2011-01-03,72943.5
2011-01-04,72673.8
2011-01-05,73514.2
2011-01-06,74049.9
2011-01-07,74405.4
2011-01-10,74135.8
2011-01-11,74353.4
2011-01-12,74457.4
2011-01-13,74435.6
2011-01-14,75341.4
2011-01-18,77209.6
2011-01-19,76256.7
2011-01-20,75654.5
2011-01-21,73848
2011-01-24,73757.3
2011-01-25,74825
2011-01-26,74412.7
2011-01-27,74447.7
2011-01-28,72537.2
2011-01-31,72461
2011-02-01,73604.7
2011-02-02,73604.7
2011-02-03,73604.7
2011-02-04,73604.7
2011-02-07,73604.7
2011-02-08,73604.7
2011-02-09,73604.7
2011-02-10,73604.7
2011-02-11,73604.7
2011-02-14,73604.7
2011-02-15,73457.5
2011-02-16,73465.7
2011-02-17,73588.4
2011-02-18,74156.7
2011-02-22,71813.8
2011-02-23,71944.7
2011-02-24,71650
2011-02-25,71793.8
2011-02-28,72190
2011-03-01,70557.9
2011-03-02,70557.9
2011-03-03,70557.9
2011-03-04,70557.9
2011-03-07,70557.9
2011-03-08,70557.9
2011-03-09,70557.9
2011-03-10,70557.9
2011-03-11,70557.9
2011-03-14,70557.9
2011-03-15,70557.9
2011-03-16,70557.9
2011-03-17,70557.9
2011-03-18,70557.9
2011-03-21,70557.9
2011-03-22,70557.9
2011-03-23,70557.9
2011-03-24,70557.9
2011-03-25,70557.9
2011-03-28,70557.9
2011-03-29,70557.9
2011-03-30,70557.9
2011-03-31,70557.9
2011-04-01,70416.9
2011-04-04,69925.7
2011-04-05,67709.8
2011-04-06,68316.5
2011-04-07,69010.3
2011-04-08,68790.9
2011-04-11,68696.8
2011-04-12,67890.9
2011-04-13,68566.8
2011-04-14,68694.7
2011-04-15,68694.7
2011-04-18,68694.7
2011-04-19,68694.7
2011-04-20,68694.7
2011-04-21,68694.7
2011-04-25,68694.7
2011-04-26,68694.7
2011-04-27,68694.7
2011-04-28,68694.7
2011-04-29,68694.7
2011-05-02,68694.7
2011-05-03,68694.7
2011-05-04,68694.7
2011-05-05,68694.7
2011-05-06,68694.7
2011-05-09,68694.7
2011-05-10,68694.7
2011-05-11,68694.7
2011-05-12,68557.4
2011-05-13,67851.3
2011-05-16,66422.6
2011-05-17,67968.1
2011-05-18,67748.7
2011-05-19,67748.7
2011-05-20,67748.7
2011-05-23,67748.7
2011-05-24,67748.7
2011-05-25,67748.7
2011-05-26,67748.7
2011-05-27,67748.7
2011-05-31,67748.7
2011-06-01,67748.7
2011-06-02,67748.7
2011-06-03,67748.7
2011-06-06,67748.7
2011-06-07,67748.7
2011-06-08,67748.7
2011-06-09,67748.7
2011-06-10,67748.7
2011-06-13,67748.7
2011-06-14,67748.7
2011-06-15,67748.7
2011-06-16,67748.7
2011-06-17,67748.7
2011-06-20,67748.7
2011-06-21,67748.7
2011-06-22,67748.7
2011-06-23,67748.7
2011-06-24,67748.7
2011-06-27,67748.7
2011-06-28,67748.7
2011-06-29,67748.7
2011-06-30,67748.7
2011-07-01,67748.7
2011-07-05,67748.7
2011-07-06,67748.7
2011-07-07,67613.2
2011-07-08,65802.5
2011-07-11,65218.8
2011-07-12,66052.9
2011-07-13,66579.6
2011-07-14,65424.5
2011-07-15,73936.4
2011-07-18,73604.2
2011-07-19,74547.4
2011-07-20,73655
2011-07-21,75097.7
2011-07-22,76490.7
2011-07-25,76583.6
2011-07-26,77022.4
2011-07-27,75126.2
2011-07-28,75587.2
2011-07-29,74688.7
2011-08-01,75070.4
2011-08-02,73289.4
2011-08-03,74376.4
2011-08-04,71445.3
2011-08-05,71633.7
2011-08-08,67541.3
2011-08-09,70793.8
2011-08-10,70793.8
2011-08-11,70793.8
2011-08-12,70793.8
2011-08-15,70793.8
2011-08-16,70793.8
2011-08-17,70793.8
2011-08-18,70793.8
2011-08-19,70793.8
2011-08-22,70793.8
2011-08-23,70793.8
2011-08-24,70793.8
2011-08-25,70793.8
2011-08-26,70793.8
2011-08-29,70793.8
2011-08-30,70793.8
2011-08-31,70793.8
2011-09-01,70793.8
2011-09-02,70793.8
2011-09-06,70793.8
2011-09-07,70793.8
2011-09-08,70652.2
2011-09-09,69314.4
2011-09-12,70011.7
2011-09-13,69932.3
2011-09-14,70269.8
2011-09-15,71657.9
2011-09-16,72203.1
2011-09-19,72201.8
2011-09-20,72196.5
2011-09-21,71213.3
2011-09-22,68759.9
2011-09-23,69401.7
2011-09-26,70246
2011-09-27,71231.8
2011-09-28,69842.3
2011-09-29,69665
2011-09-30,67879.9
2011-10-03,67879.9
2011-10-04,67879.9
2011-10-05,67879.9
2011-10-06,67879.9
2011-10-07,67879.9
2011-10-10,67879.9
2011-10-11,67879.9
2011-10-12,67879.9
2011-10-13,67879.9
2011-10-14,67879.9
2011-10-17,67744.2
2011-10-18,68688.1
2011-10-19,67544.9
2011-10-20,67891
2011-10-21,68685.8
2011-10-24,69376.9
2011-10-25,67831.6
2011-10-26,68198.7
2011-10-27,69639.1
2011-10-28,69810.4
2011-10-31,68936.3
2011-11-01,67306
2011-11-02,68025
2011-11-03,69502.7
2011-11-04,69344.2
2011-11-07,70764.8
2011-11-08,71232.1
2011-11-09,69904.8
2011-11-10,69220.7
2011-11-11,70767.2
2011-11-14,71309.1
2011-11-15,71723.9
2011-11-16,71130.8
2011-11-17,69895.4
2011-11-18,69197.4
2011-11-21,67572.8
2011-11-22,67463.3
2011-11-23,66310.7
2011-11-25,65350.9
2011-11-28,65350.9
2011-11-29,65350.9
2011-11-30,65350.9
2011-12-01,65350.9
2011-12-02,65350.9
2011-12-05,65350.9
2011-12-06,65350.9
2011-12-07,65220.3
2011-12-08,64451
2011-12-09,65642.6
2011-12-12,65429.9
2011-12-13,65455
2011-12-14,64662.7
2011-12-15,64816.7
2011-12-16,65489.6
2011-12-19,65056.8
2011-12-20,65951.8
2011-12-21,65474.9
2011-12-22,65881.6
2011-12-23,66242.1
2011-12-27,66987.3
2011-12-28,66929.7
2011-12-29,67212.6
2011-12-30,67579.5
2012-01-03,69624.3
2012-01-04,69925
2012-01-05,68953.5
2012-01-06,68011.3
2012-01-09,65122.8
2012-01-10,65194.1
2012-01-11,65489.6
2012-01-12,65875.3
2012-01-13,65387.9
2012-01-17,65764.2
2012-01-18,66085.4
2012-01-19,66085.4
2012-01-20,66085.4
2012-01-23,66085.4
2012-01-24,66085.4
2012-01-25,66085.4
2012-01-26,66085.4
2012-01-27,66085.4
2012-01-30,66085.4
2012-01-31,66085.4
2012-02-01,66085.4
2012-02-02,66085.4
2012-02-03,66085.4
2012-02-06,66085.4
2012-02-07,66085.4
2012-02-08,66085.4
2012-02-09,66085.4
2012-02-10,66085.4
2012-02-13,65953.2
2012-02-14,65689.8
2012-02-15,65236.4
2012-02-16,65340.1
2012-02-17,65137.1
2012-02-21,66147.5
2012-02-22,65493.3
2012-02-23,65295.8
2012-02-24,65704.9
2012-02-27,65641.2
2012-02-28,66621.4
2012-02-29,66606.3
2012-03-01,67054.2
2012-03-02,66930.1
2012-03-05,66174.5
2012-03-06,65171.7
2012-03-07,65370.3
2012-03-08,65407
2012-03-09,64663.2
2012-03-12,65192.2
2012-03-13,66555.5
2012-03-14,66362.3
2012-03-15,66783
2012-03-16,66783
2012-03-19,66783
2012-03-20,66649.5
2012-03-21,67333.6
2012-03-22,67973.4
2012-03-23,67608.7
2012-03-26,68319.1
2012-03-27,68075.6
2012-03-28,68996.9
2012-03-29,68222.1
2012-03-30,67466.4
2012-04-02,68065.1
2012-04-03,67611.8
2012-04-04,66824.5
2012-04-05,66526.2
2012-04-09,66370.2
2012-04-10,65950.7
2012-04-11,66909.8
2012-04-12,68359
2012-04-13,68359
2012-04-16,68359
2012-04-17,68359
2012-04-18,68359
2012-04-19,68359
2012-04-20,68359
2012-04-23,68359
2012-04-24,68359
2012-04-25,68359
2012-04-26,68359
2012-04-27,68359
2012-04-30,68359
2012-05-01,68359
2012-05-02,68359
2012-05-03,68359
2012-05-04,68359
2012-05-07,68359
2012-05-08,68359
2012-05-09,68359
2012-05-10,68222.3
2012-05-11,67283.3
2012-05-14,67146.3
2012-05-15,67938.2
2012-05-16,69923.1
2012-05-17,69268.1
2012-05-18,66745.3
2012-05-21,68272.4
2012-05-22,66789.9
2012-05-23,67754.4
2012-05-24,67108.4
2012-05-25,65757.4
2012-05-29,66070.3
2012-05-30,65258.8
2012-05-31,65258.8
2012-06-01,65258.8
2012-06-04,65258.8
2012-06-05,65258.8
2012-06-06,65258.8
2012-06-07,65258.8
2012-06-08,65258.8
2012-06-11,65258.8
2012-06-12,65258.8
2012-06-13,65258.8
2012-06-14,65258.8
2012-06-15,65258.8
2012-06-18,65258.8
2012-06-19,65258.8
2012-06-20,65258.8
2012-06-21,65258.8
2012-06-22,65258.8
2012-06-25,65258.8
2012-06-26,65258.8
2012-06-27,65258.8
2012-06-28,65258.8
2012-06-29,65258.8
2012-07-02,65128.3
2012-07-03,65955.6
2012-07-05,66864.9
2012-07-06,65747.6
2012-07-09,65751
2012-07-10,65266.5
2012-07-11,64085.2
2012-07-12,64005.4
2012-07-13,64684.3
2012-07-16,64504.4
2012-07-17,64707.9
2012-07-18,65160.9
2012-07-19,66543.4
2012-07-20,68539.7
2012-07-23,69066.9
2012-07-24,68174.4
2012-07-25,68221.6
2012-07-26,68825.2
2012-07-27,71253.1
2012-07-30,70954.2
2012-07-31,71029.5
2012-08-01,70996.9
2012-08-02,70555.1
2012-08-03,71969.2
2012-08-06,72136.6
2012-08-07,71880.4
2012-08-08,72070.3
2012-08-09,72083.8
2012-08-10,72044.5
2012-08-13,74068.9
2012-08-14,75041.1
2012-08-15,74915.3
2012-08-16,75514.4
2012-08-17,75994.3
2012-08-20,75814.5
2012-08-21,75136.7
2012-08-22,75998.8
2012-08-23,75956.1
2012-08-24,76161.8
2012-08-27,75104.1
2012-08-28,76006.7
2012-08-29,77216.2
2012-08-30,76504.6
2012-08-31,76887.9
2012-09-04,76432.7
2012-09-05,76396.7
2012-09-06,78496.4
2012-09-07,79255.2
2012-09-10,78650.4
2012-09-11,77686
2012-09-12,77538.8
2012-09-13,79242.8
2012-09-14,79651.9
2012-09-17,79685.7
2012-09-18,80618.6
2012-09-19,81655
2012-09-20,81724.7
2012-09-21,82384.5
2012-09-24,84114.4
2012-09-25,84089.6
2012-09-26,84573
2012-09-27,84914.7
2012-09-28,84689.9
2012-10-01,85508.2
2012-10-02,84969.8
2012-10-03,85589.1
2012-10-04,86212.9
2012-10-05,86168
2012-10-08,85065.3
2012-10-09,83519.8
2012-10-10,83572.6
2012-10-11,84350.4
2012-10-12,83593.9
2012-10-15,83170.2
2012-10-16,83588.3
2012-10-17,84801.2
2012-10-18,77845.6
2012-10-19,77845.6
2012-10-22,77845.6
2012-10-23,77845.6
2012-10-24,77845.6
2012-10-25,77845.6
2012-10-26,77845.6
2012-10-31,77845.6
2012-11-01,77845.6
2012-11-02,77845.6
2012-11-05,77845.6
2012-11-06,77845.6
2012-11-07,77845.6
2012-11-08,77845.6
2012-11-09,77845.6
2012-11-12,77845.6
2012-11-13,77845.6
2012-11-14,77845.6
2012-11-15,77845.6
2012-11-16,77845.6
2012-11-19,77845.6
2012-11-20,77845.6
2012-11-21,77845.6
2012-11-23,77845.6
2012-11-26,77845.6
2012-11-27,77845.6
2012-11-28,77845.6
2012-11-29,77845.6
2012-11-30,77689.9
2012-12-03,77342.2
2012-12-04,76871.9
2012-12-05,76514.1
2012-12-06,76883
2012-12-07,76111.7
2012-12-10,76246.6
2012-12-11,77523.9
2012-12-12,77599.7
2012-12-13,78172.6
2012-12-14,78090.1
2012-12-17,80187.7
2012-12-18,80220
2012-12-19,80113
2012-12-20,80363.8
2012-12-21,79613.7
2012-12-24,78930.5
2012-12-26,78860.3
2012-12-27,78572.7
2012-12-28,77872.7
2012-12-31,78694.2
2013-01-02,80463
2013-01-03,80509.8
2013-01-04,82103.7
2013-01-07,81744.8
2013-01-08,81583.1
2013-01-09,82120.4
2013-01-10,82494.9
2013-01-11,82328.8
2013-01-14,80463
2013-01-15,80650.3
2013-01-16,79564.7
2013-01-17,79133.3
2013-01-18,78374.3
2013-01-22,78191.5
2013-01-23,82497.1
2013-01-24,83913.7
2013-01-25,83853.5
2013-01-28,83525.9
2013-01-29,83854.6
2013-01-30,83871.4
2013-01-31,84078.7
2013-02-01,86297.8
2013-02-04,84449.8
2013-02-05,85198.8
2013-02-06,85692.6
2013-02-07,86113.9
2013-02-08,87386.7
2013-02-11,87057.9
2013-02-12,86866.2
2013-02-13,87107
2013-02-14,87659.8
2013-02-15,88224.9
2013-02-19,89780.8
